{
  "version": 1,
  "author": "MALAIKA",
  "editor": "wokwi",
  "parts": [
    { "type": "board-esp32-devkit-c-v4", "id": "esp", "top": -28.8, "left": -52.76, "attrs": {} },
    {
      "type": "board-ssd1306",
      "id": "oled1",
      "top": -102.46,
      "left": -268.57,
      "attrs": { "i2cAddress": "0x3c" }
    },
    {
      "type": "wokwi-buzzer",
      "id": "bz1",
      "top": 175.2,
      "left": 174.6,
      "attrs": { "volume": "0.1" }
    },
    {
      "type": "wokwi-pushbutton",
      "id": "btn1",
      "top": 76.2,
      "left": -246.6,
      "rotate": 90,
      "attrs": { "color": "green", "xray": "1" }
    },
    {
      "type": "wokwi-pushbutton",
      "id": "btn2",
      "top": 188.6,
      "left": -307.2,
      "rotate": 90,
      "attrs": { "color": "green", "xray": "1" }
    },
    { "type": "wokwi-led", "id": "led1", "top": 82.8, "left": 272.6, "attrs": { "color": "red" } },
    {
      "type": "wokwi-led",
      "id": "led3",
      "top": -3.6,
      "left": 291.8,
      "attrs": { "color": "magenta" }
    },
    {
      "type": "wokwi-resistor",
      "id": "r1",
      "top": 80.75,
      "left": 182.4,
      "attrs": { "value": "220000" }
    },
    {
      "type": "wokwi-resistor",
      "id": "r2",
      "top": 3.95,
      "left": 182.4,
      "attrs": { "value": "220000" }
    },
    {
      "type": "wokwi-resistor",
      "id": "r3",
      "top": -44.05,
      "left": 163.2,
      "attrs": { "value": "220000" }
    },
    { "type": "wokwi-led", "id": "led2", "top": -90, "left": 291.8, "attrs": { "color": "blue" } }
  ],
  "connections": [
    [ "esp:TX", "$serialMonitor:RX", "", [] ],
    [ "esp:RX", "$serialMonitor:TX", "", [] ],
    [ "oled1:GND", "esp:GND.1", "black", [ "v-48", "h115.2", "v9.6" ] ],
    [ "oled1:VCC", "esp:3V3", "red", [ "v-28.8", "h115.35", "v115.2" ] ],
    [ "oled1:SCL", "esp:22", "green", [ "v-38.4", "h278.7", "v153.6" ] ],
    [ "oled1:SDA", "esp:21", "green", [ "v-19.2", "h278.47", "v19.2" ] ],
    [ "bz1:1", "esp:GND.2", "green", [ "v9.6", "h-86.4", "v-278.4" ] ],
    [
      "bz1:2",
      "esp:25",
      "green",
      [ "v0", "h47.6", "v-86.4", "h-182.4", "v48", "h-163.2", "v-144" ]
    ],
    [ "btn1:2.l", "esp:14", "green", [ "v-26", "h127.6", "v67.2" ] ],
    [ "btn1:1.r", "esp:GND.1", "green", [ "v0" ] ],
    [ "btn2:1.r", "esp:GND.1", "green", [ "v22.2", "h185.4", "v-153.6" ] ],
    [ "btn2:2.l", "esp:27", "green", [ "v0" ] ],
    [ "led2:C", "esp:16", "green", [ "v0" ] ],
    [ "led2:A", "r3:2", "green", [ "v0" ] ],
    [ "r3:1", "esp:GND.2", "green", [ "v0" ] ],
    [ "r2:1", "esp:GND.2", "green", [ "v0" ] ],
    [ "led3:A", "r2:2", "green", [ "v0" ] ],
    [ "led3:C", "esp:17", "green", [ "v0" ] ],
    [ "led1:A", "r1:2", "green", [ "v-38.4", "h-67.2" ] ],
    [ "r1:1", "esp:GND.2", "green", [ "v0" ] ],
    [ "led1:C", "esp:18", "green", [ "v0" ] ]
  ],
  "dependencies": {}
}