{
  "version": 1,
  "author": "MALAIKA",
  "editor": "wokwi",
  "parts": [
    { "type": "board-esp32-devkit-c-v4", "id": "esp", "top": 0, "left": 0, "attrs": {} },
    { "type": "wokwi-led", "id": "led1", "top": 15.6, "left": 234.2, "attrs": { "color": "red" } },
    {
      "type": "wokwi-pushbutton",
      "id": "btn1",
      "top": 179,
      "left": -153.6,
      "rotate": 90,
      "attrs": { "color": "green", "xray": "1" }
    },
    {
      "type": "board-ssd1306",
      "id": "oled1",
      "top": -44.86,
      "left": -182.17,
      "attrs": { "i2cAddress": "0x3c" }
    },
    {
      "type": "wokwi-buzzer",
      "id": "bz1",
      "top": 146.4,
      "left": 184.2,
      "attrs": { "volume": "0.1" }
    },
    {
      "type": "wokwi-resistor",
      "id": "r1",
      "top": 61.55,
      "left": 153.6,
      "attrs": { "value": "220000" }
    }
  ],
  "connections": [
    [ "esp:TX", "$serialMonitor:RX", "", [] ],
    [ "esp:RX", "$serialMonitor:TX", "", [] ],
    [ "led1:A", "r1:2", "green", [ "v9.6", "h-48" ] ],
    [ "r1:1", "esp:GND.2", "green", [ "v0" ] ],
    [ "led1:C", "esp:16", "green", [ "v0" ] ],
    [ "btn1:2.l", "esp:14", "green", [ "v0" ] ],
    [ "btn1:1.r", "esp:GND.1", "green", [ "v0" ] ],
    [ "bz1:1", "esp:GND.2", "green", [ "v9.6", "h-76.8", "v-201.6" ] ],
    [ "bz1:2", "esp:25", "green", [ "v9.6", "h57.2", "v-9.6", "h0", "v-105.6" ] ],
    [ "oled1:SDA", "esp:21", "green", [ "v-28.8", "h240.07", "v144" ] ],
    [ "oled1:SCL", "esp:22", "green", [ "v-19.2", "h240.3", "v105.6" ] ],
    [ "oled1:VCC", "esp:3V3", "red", [ "v-38.4", "h115.35", "v105.6" ] ],
    [ "oled1:GND", "esp:GND.1", "black", [ "v-28.8", "h96", "v-19.2" ] ]
  ],
  "dependencies": {}
}